Strategy,energy_wh,carbon_kg,carbon_g,avg_latency_ms,total_heat_kwh,heat_cv,peak_uhi,total_uhi
Random,358.20250500000003,0.04166895389999999,41.66895389999999,100.95113634388267,0.41454843675,0.8386582241769428,0.00012558301823321555,0.0002519709702644655
Energy-Only,375.660075,0.0720422085,72.0422085,85.6295295518222,0.45704207625000004,0.07673422106299067,0.00016879812749999998,0.00030957229405256185
UHI-Aware,375.667845,0.0701734941,70.1734941,85.23591014562356,0.45665181075000005,0.14005544982440607,0.00014727804749999998,0.0002965800430380411
Multi-Objective,379.62339,0.0795424317,79.5424317,82.55345129992969,0.466820679,0.07232301714937268,0.00018762819749999998,0.0003268316109362577
