metric,eo_mean,mo_mean,eo_std,mo_std,t_statistic,t_pvalue,mann_whitney_u,mann_whitney_p,cohens_d,kruskal_h,kruskal_p,pct_improvement,significant_005,significant_001,significant_0001
peak_uhi,0.00014630166108482438,0.00016718463031668276,1.628827185756221e-05,1.8087569796961636e-05,-12.133184568039765,5.317262407906762e-29,7357.5,7.8719516469308525e-28,-1.2133184568039763,224.606036906685,2.027637858954839e-48,-14.273911230406759,True,True,True
heat_cv,0.09165835546744105,0.07512914176859789,0.02853092343349431,0.005117880961823855,8.064440205944717,5.38257503319069e-14,25431.0,2.639028885575822e-06,0.8064440205944715,612.7830016853932,1.706720072912958e-132,18.033504544727165,True,True,True
energy_wh,375.14168058621283,380.03186280394436,20.55080515281931,20.996197322230277,-2.3539128958585716,0.01906254070852687,17400.0,0.0245491495982262,-0.23539128958585717,13.395061235954927,0.0038556823040864054,-1.3035560884863346,True,False,False
carbon_g,71.09068964202231,79.5944335794674,4.203056384857308,4.574395957442846,-19.359020791499407,3.3329769955019817e-59,3726.0,5.358634941053137e-45,-1.935902079149941,187.9653867041202,1.679214696153538e-40,-11.961825071983066,True,True,True
avg_latency_ms,85.97867953894747,82.68643980592846,0.7281338912277402,0.20799069494205796,61.48409735221573,2.767149652737547e-145,40000.0,4.8305164696927464e-67,6.148409735221573,311.16927441237857,3.8043286398682834e-67,3.8291350258847197,True,True,True
